{"slug": "northern_africa", "name": {"en": "Northern Africa", "fr": "Afrique du Nord", "es": "África del Norte"}, "continent": "africa", "countries": ["dz", "eg", "eh", "ly", "ma", "sd", "tn"]}
{"slug": "eastern_africa", "name": {"en": "Eastern Africa", "fr": "Afrique de l'Est", "es": "África Oriental"}, "continent": "africa", "countries": ["bi", "dj", "er", "et", "io", "ke", "km", "mg", "mu", "mw", "mz", "re", "rw", "sc", "so", "tz", "ug", "yt", "zm"]}
{"slug": "central_africa", "name": {"en": "Central Africa", "fr": "Afrique centrale", "es": "África Central"}, "continent": "africa", "countries": ["ao", "cd", "cf", "cg", "cm", "ga", "gq", "ss", "st", "td"]}
{"slug": "southern_africa", "name": {"en": "Southern Africa", "fr": "Afrique australe", "es": "África Austral"}, "continent": "africa", "countries": ["bw", "ls", "na", "sz", "tf", "za", "zw"]}
{"slug": "western_africa", "name": {"en": "Western Africa", "fr": "Afrique de l'Ouest", "es": "África Occidental"}, "continent": "africa", "countries": ["bf", "bj", "ci", "cv", "gh", "gm", "gn", "gw", "lr", "ml", "mr", "ne", "ng", "sh", "sl", "sn", "tg"]}
{"slug": "caribbean", "name": {"en": "Caribbean", "fr": "Caraïbes", "es": "Caribe"}, "continent": "americas", "countries": ["ag", "ai", "aw", "bb", "bl", "bq", "bs", "cu", "cw", "dm", "do", "gd", "gp", "ht", "jm", "kn", "ky", "lc", "mf", "mq", "ms", "pr", "sx", "tc", "tt", "vc", "vg", "vi"]}
{"slug": "central_america", "name": {"en": "Central America", "fr": "Amérique centrale", "es": "América Central"}, "continent": "americas", "countries": ["bz", "cr", "gt", "hn", "ni", "pa", "sv"]}
{"slug": "south_america", "name": {"en": "South America", "fr": "Amérique du Sud", "es": "América del Sur"}, "continent": "americas", "countries": ["ar", "bo", "br", "cl", "co", "ec", "fk", "gf", "gs", "gy", "pe", "py", "sr", "uy", "ve"]}
{"slug": "northern_america", "name": {"en": "Northern America", "fr": "Amérique du Nord", "es": "América del Norte"}, "continent": "americas", "countries": ["bm", "ca", "gl", "pm", "um", "us"]}
{"slug": "central_asia", "name": {"en": "Central Asia", "fr": "Asie centrale", "es": "Asia Central"}, "continent": "asia", "countries": ["kg", "kz", "tj", "tm", "uz"]}
{"slug": "eastern_asia", "name": {"en": "Eastern Asia", "fr": "Asie de l'Est", "es": "Asia Oriental"}, "continent": "asia", "countries": ["cn", "hk", "jp", "kp", "kr", "mn", "mo", "tw"]}
{"slug": "southeastern_asia", "name": {"en": "South-Eastern Asia", "fr": "Asie du Sud-Est", "es": "Sudeste Asiático"}, "continent": "asia", "countries": ["bn", "id", "kh", "la", "mm", "my", "ph", "sg", "th", "tl", "vn"]}
{"slug": "southern_asia", "name": {"en": "Southern Asia", "fr": "Asie du Sud", "es": "Asia Meridional"}, "continent": "asia", "countries": ["af", "bd", "bt", "in", "ir", "lk", "mv", "np", "pk"]}
{"slug": "western_asia", "name": {"en": "Western Asia", "fr": "Asie de l'Ouest", "es": "Asia Occidental"}, "continent": "asia", "countries": ["ae", "am", "az", "bh", "ge", "il", "iq", "jo", "kw", "lb", "om", "ps", "qa", "sa", "sy", "tr", "ye"]}
{"slug": "eastern_europe", "name": {"en": "Eastern Europe", "fr": "Europe de l'Est", "es": "Europa del Este"}, "continent": "europe", "countries": ["bg", "by", "md", "ro", "ru", "ua", "xk"]}
{"slug": "northern_europe", "name": {"en": "Northern Europe", "fr": "Europe du Nord", "es": "Europa del Norte"}, "continent": "europe", "countries": ["ax", "dk", "ee", "fi", "fo", "gb", "gg", "ie", "im", "is", "je", "lt", "lv", "no", "se", "sj"]}
{"slug": "southern_europe", "name": {"en": "Southern Europe", "fr": "Europe du Sud", "es": "Europa del Sur"}, "continent": "europe", "countries": ["ad", "al", "ba", "cy", "es", "gi", "gr", "hr", "it", "me", "mk", "mt", "pt", "rs", "si", "sm", "va"]}
{"slug": "western_europe", "name": {"en": "Western Europe", "fr": "Europe de l'Ouest", "es": "Europa Occidental"}, "continent": "europe", "countries": ["be", "fr", "lu", "mc", "nl"]}
{"slug": "australasia", "name": {"en": "Australasia", "fr": "Australasie", "es": "Australasia"}, "continent": "oceania", "countries": ["au", "cc", "cx", "nf", "nz"]}
{"slug": "melanesia", "name": {"en": "Melanesia", "fr": "Mélanésie", "es": "Melanesia"}, "continent": "oceania", "countries": ["fj", "nc", "pg", "sb", "vu"]}
{"slug": "micronesia", "name": {"en": "Micronesia", "fr": "Micronésie", "es": "Micronesia"}, "continent": "oceania", "countries": ["fm", "gu", "ki", "mh", "mp", "nr", "pw"]}
{"slug": "polynesia", "name": {"en": "Polynesia", "fr": "Polynésie", "es": "Polinesia"}, "continent": "oceania", "countries": ["as", "ck", "nu", "pf", "pn", "tk", "to", "tv", "wf", "ws"]}
